<?xml version="1.0" encoding="UTF-8"?>
<project-private xmlns="http://www.netbeans.org/ns/project-private/1">
    <editor-bookmarks xmlns="http://www.netbeans.org/ns/editor-bookmarks/2" lastBookmarkId="0"/>
    <open-files xmlns="http://www.netbeans.org/ns/projectui-open-files/2">
        <group>
            <file>file:/home/labso09/Imágenes/Tarea2/web/pages/index.jsp</file>
            <file>file:/home/labso09/Imágenes/Tarea2/web/pages/Registrar.jsp</file>
            <file>file:/home/labso09/Imágenes/Tarea2/src/java/controller/Servlet.java</file>
        </group>
    </open-files>
</project-private>
